marca,clase,provincia,cantidad
SUZUKI,Motocicleta,PICHINCHA,3573
SUZUKI,Motocicleta,MANABÍ,3356
SUZUKI,Motocicleta,GUAYAS,3327
SUZUKI,Motocicleta,LOS RÍOS,3283
SHINERAY,Motocicleta,LOS RÍOS,1510
SUZUKI,Motocicleta,SANTO DOMINGO DE LOS TSÁCHILAS,1471
YAMAHA,Motocicleta,LOS RÍOS,1410
SHINERAY,Motocicleta,MANABÍ,1314
MOTOR UNO,Motocicleta,PICHINCHA,1289
TEKNO,Motocicleta,GUAYAS,1053
Otras Marcas,Motocicleta,LOS RÍOS,1052
YAMAHA,Motocicleta,MANABÍ,1028
SUZUKI,Motocicleta,EL ORO,1010
Otras Marcas,Motocicleta,GUAYAS,957
SHINERAY,Motocicleta,PICHINCHA,956
TRAXX,Motocicleta,MANABÍ,899
HONDA,Motocicleta,PICHINCHA,887
TEKNO,Motocicleta,MANABÍ,778
SUZUKI,Motocicleta,ESMERALDAS,774
SHINERAY,Motocicleta,EL ORO,768
SHINERAY,Motocicleta,GUAYAS,711
Otras Marcas,Motocicleta,MANABÍ,668
YAMAHA,Motocicleta,GUAYAS,651
MOTOR UNO,Motocicleta,MANABÍ,632
TRAXX,Motocicleta,GUAYAS,596
YAMAHA,Motocicleta,EL ORO,572
MOTOR UNO,Motocicleta,SANTO DOMINGO DE LOS TSÁCHILAS,556
SUZUKI,Motocicleta,SUCUMBÍOS,552
JIALING,Motocicleta,EL ORO,552
TRAXX,Motocicleta,LOS RÍOS,543
ORO MOTO,Motocicleta,GUAYAS,536
YAMAHA,Motocicleta,PICHINCHA,525
LINGKEN,Motocicleta,LOS RÍOS,514
SHINERAY,Motocicleta,SANTO DOMINGO DE LOS TSÁCHILAS,508
RANGER,Motocicleta,EL ORO,502
TRAXX,Motocicleta,PICHINCHA,502
Otras Marcas,Motocicleta,PICHINCHA,494
ORO MOTO,Motocicleta,LOS RÍOS,480
YAMAHA,Motocicleta,AZUAY,478
Otras Marcas,Motocicleta,EL ORO,473
LONCIN,Motocicleta,GUAYAS,448
MOTOR UNO,Motocicleta,LOS RÍOS,432
RANGER,Motocicleta,PICHINCHA,430
QMC,Motocicleta,GUAYAS,425
HONDA,Motocicleta,AZUAY,419
TRAXX,Motocicleta,SANTO DOMINGO DE LOS TSÁCHILAS,417
SUZUKI,Motocicleta,IMBABURA,414
SUZUKI,Motocicleta,COTOPAXI,414
Otras Marcas,Motocicleta,SANTO DOMINGO DE LOS TSÁCHILAS,397
HONDA,Motocicleta,LOS RÍOS,396
RANGER,Motocicleta,LOS RÍOS,393
YAMAHA,Motocicleta,SANTO DOMINGO DE LOS TSÁCHILAS,392
LONCIN,Motocicleta,LOS RÍOS,389
SUZUKI,Motocicleta,ORELLANA,366
MOTOR UNO,Motocicleta,ESMERALDAS,363
ORO MOTO,Motocicleta,EL ORO,361
KAWASAKI,Motocicleta,PICHINCHA,359
ORO MOTO,Motocicleta,MANABÍ,349
YAMAHA,Motocicleta,TUNGURAHUA,344
RANGER,Motocicleta,MANABÍ,342
SUZUKI,Motocicleta,CAÑAR,332
SUZUKI,Motocicleta,SANTA ELENA,329
QMC,Motocicleta,EL ORO,328
HONDA,Motocicleta,EL ORO,322
HONDA,Motocicleta,SUCUMBÍOS,318
HUSSAR,Motocicleta,MANABÍ,318
MOTOR UNO,Motocicleta,GUAYAS,306
SANYA,Motocicleta,LOS RÍOS,303
MOTOR UNO,Motocicleta,IMBABURA,297
QINGQI,Motocicleta,EL ORO,295
SUZUKI,Motocicleta,AZUAY,294
YASAKI,Motocicleta,GUAYAS,292
RANGER,Motocicleta,SANTO DOMINGO DE LOS TSÁCHILAS,291
HUSSAR,Motocicleta,GUAYAS,291
PEGASO,Motocicleta,LOS RÍOS,284
SUZUKI,Motocicleta,TUNGURAHUA,283
HONDA,Motocicleta,SANTO DOMINGO DE LOS TSÁCHILAS,279
QMC,Motocicleta,LOS RÍOS,276
YAMAHA,Motocicleta,SUCUMBÍOS,275
JIALING,Motocicleta,LOS RÍOS,270
TEKNO,Motocicleta,PICHINCHA,263
BAJAJ,Motocicleta,PICHINCHA,260
GALARDI,Motocicleta,PICHINCHA,253
TRAXX,Motocicleta,SANTA ELENA,252
TRAXX,Motocicleta,ESMERALDAS,249
RANGER,Motocicleta,GUAYAS,245
MOTOR UNO,Motocicleta,COTOPAXI,243
SHINERAY,Motocicleta,CAÑAR,243
RANGER,Motocicleta,CHIMBORAZO,236
MOTOR UNO,Motocicleta,EL ORO,232
HONDA,Motocicleta,GUAYAS,210
JIALING,Motocicleta,SANTO DOMINGO DE LOS TSÁCHILAS,201
HUSSAR,Motocicleta,PICHINCHA,201
HONDA,Motocicleta,ORELLANA,200
HONDA,Motocicleta,MANABÍ,197
Otras Marcas,Motocicleta,ESMERALDAS,196
JIALING,Motocicleta,MANABÍ,194
YAMAHA,Motocicleta,ESMERALDAS,193
MOTOR UNO,Motocicleta,CARCHI,193
YAMAHA,Motocicleta,COTOPAXI,190
DAYANG,Motocicleta,LOS RÍOS,189
JINCHENG,Motocicleta,GUAYAS,188
ORO MOTO,Motocicleta,SANTO DOMINGO DE LOS TSÁCHILAS,186
TRAXX,Motocicleta,COTOPAXI,185
TRAXX,Motocicleta,EL ORO,185
HONDA,Motocicleta,ESMERALDAS,185
RANGER,Motocicleta,CAÑAR,182
YASAKI,Motocicleta,LOS RÍOS,182
SUZUKI,Motocicleta,CARCHI,180
TRAXX,Motocicleta,ORELLANA,179
SHINERAY,Motocicleta,ESMERALDAS,177
TEKNO,Motocicleta,LOS RÍOS,172
DUCAR,Motocicleta,LOS RÍOS,171
RANGER,Motocicleta,AZUAY,170
RANGER,Motocicleta,COTOPAXI,169
PEGASO,Motocicleta,GUAYAS,167
JINCHENG,Motocicleta,LOS RÍOS,167
SHINERAY,Motocicleta,AZUAY,167
YAMAHA,Motocicleta,ORELLANA,165
Otras Marcas,Motocicleta,TUNGURAHUA,160
JIEDA,Motocicleta,GUAYAS,158
LONGJIA,Motocicleta,LOS RÍOS,157
RANGER,Motocicleta,IMBABURA,156
Otras Marcas,Motocicleta,SANTA ELENA,156
QINGQI,Motocicleta,LOS RÍOS,155
TEKNO,Motocicleta,SANTA ELENA,147
KINLON,Motocicleta,GUAYAS,147
LONCIN,Motocicleta,IMBABURA,142
DAYANG,Motocicleta,ESMERALDAS,141
RANGER,Motocicleta,ESMERALDAS,140
QMC,Motocicleta,MANABÍ,138
SUKIDA,Motocicleta,MANABÍ,138
JIANSHE,Motocicleta,LOS RÍOS,136
TEKNO,Motocicleta,SANTO DOMINGO DE LOS TSÁCHILAS,136
PEGASO,Motocicleta,ESMERALDAS,135
MOTOR UNO,Motocicleta,LOJA,134
YAMAHA,Motocicleta,IMBABURA,134
MOTOR UNO,Motocicleta,TUNGURAHUA,131
DAYANG,Motocicleta,MANABÍ,130
DAYTONA,Motocicleta,LOS RÍOS,129
VESPA,Motocicleta,GUAYAS,129
SUZUKI,Motocicleta,CHIMBORAZO,129
LONCIN,Motocicleta,CAÑAR,128
SHINERAY,Motocicleta,SUCUMBÍOS,127
Otras Marcas,Motocicleta,IMBABURA,127
TRAXX,Motocicleta,SUCUMBÍOS,127
SUZUKI,Motocicleta,PASTAZA,126
RANGER,Motocicleta,ZAMORA CHINCHIPE,123
HONDA,Motocicleta,TUNGURAHUA,122
Otras Marcas,Motocicleta,CAÑAR,118
JIALING,Motocicleta,GUAYAS,118
QINGQI,Motocicleta,MANABÍ,116
HUSSAR,Motocicleta,LOS RÍOS,115
Otras Marcas,Motocicleta,COTOPAXI,115
SKYGO,Motocicleta,LOS RÍOS,113
JIALING,Motocicleta,ESMERALDAS,113
DAYTONA,Motocicleta,AZUAY,111
BMW,Motocicleta,PICHINCHA,111
SHINERAY,Motocicleta,COTOPAXI,110
JIALING,Motocicleta,PICHINCHA,110
JIANSHE,Motocicleta,MANABÍ,109
HONDA,Motocicleta,IMBABURA,108
LIFAN,Motocicleta,LOS RÍOS,106
JIALING,Motocicleta,AZUAY,105
LIFAN,Motocicleta,GUAYAS,105
Otras Marcas,Motocicleta,AZUAY,104
RANGER,Motocicleta,LOJA,104
YAMAHA,Motocicleta,CAÑAR,103
VESPA,Motocicleta,PICHINCHA,103
LINGKEN,Motocicleta,GUAYAS,101
PEGASO,Motocicleta,MANABÍ,101
DAYTONA,Motocicleta,MANABÍ,101
DUCAR,Motocicleta,EL ORO,99
SHINERAY,Motocicleta,LOJA,98
DUCAR,Motocicleta,MANABÍ,98
SHINERAY,Motocicleta,TUNGURAHUA,98
DAYTONA,Motocicleta,EL ORO,97
MICARGI,Motocicleta,PICHINCHA,97
RANGER,Motocicleta,TUNGURAHUA,96
MOTOR UNO,Motocicleta,CHIMBORAZO,96
MACAT,Motocicleta,GUAYAS,90
YAMOTO,Motocicleta,LOS RÍOS,90
ORO MOTO,Motocicleta,CAÑAR,89
JIANSHE,Motocicleta,EL ORO,89
LML,Motocicleta,GUAYAS,88
JIANSHE,Motocicleta,GUAYAS,87
SUZUKI,Motocicleta,BOLÍVAR,86
MOTOR UNO,Motocicleta,AZUAY,86
MICARGI,Motocicleta,GUAYAS,85
JIANSHE,Motocicleta,AZUAY,85
OKAZAKI,Motocicleta,MANABÍ,84
JIANSHE,Motocicleta,PICHINCHA,84
QINGQI,Motocicleta,SUCUMBÍOS,83
KTM,Motocicleta,AZUAY,83
MACAT,Motocicleta,LOS RÍOS,82
SINSKI,Motocicleta,PICHINCHA,81
MOTOR UNO,Motocicleta,ZAMORA CHINCHIPE,81
DAKAR,Motocicleta,GUAYAS,81
QMC,Motocicleta,SANTO DOMINGO DE LOS TSÁCHILAS,80
KTM,Motocicleta,PICHINCHA,79
JIEDA,Motocicleta,LOS RÍOS,79
HUSSAR,Motocicleta,SANTO DOMINGO DE LOS TSÁCHILAS,78
DAYTONA,Motocicleta,CAÑAR,78
PEGASO,Motocicleta,SANTO DOMINGO DE LOS TSÁCHILAS,77
KINGDOM,Motocicleta,LOS RÍOS,77
ORO MOTO,Motocicleta,PICHINCHA,77
LAMBORBINI,Motocicleta,ESMERALDAS,77
MOTOR UNO,Motocicleta,NAPO,76
LINGKEN,Motocicleta,MANABÍ,75
TEKNO,Motocicleta,EL ORO,75
SRM,Motocicleta,EL ORO,73
BAJAJ,Motocicleta,GUAYAS,72
YAMAHA,Motocicleta,CHIMBORAZO,72
Otras Marcas,Motocicleta,CHIMBORAZO,72
PEGASO,Motocicleta,EL ORO,71
SHINERAY,Motocicleta,BOLÍVAR,70
JIANSHE,Motocicleta,SANTO DOMINGO DE LOS TSÁCHILAS,70
LONGJIA,Motocicleta,SANTA ELENA,70
LAMBORBINI,Motocicleta,GUAYAS,70
MOTOR UNO,Motocicleta,SUCUMBÍOS,69
QINGQI,Motocicleta,GUAYAS,68
BMA,Motocicleta,PICHINCHA,67
LONCIN,Motocicleta,PICHINCHA,67
SUZUKI,Motocicleta,LOJA,67
LIFAN,Motocicleta,MANABÍ,66
DUCAR,Motocicleta,GUAYAS,64
YAMAHA,Motocicleta,LOJA,63
HONDA,Motocicleta,LOJA,62
KINGDOM,Motocicleta,MANABÍ,61
YAMAHA,Motocicleta,CARCHI,61
MOTOR UNO,Motocicleta,ORELLANA,61
LIFAN,Motocicleta,EL ORO,60
LONGJIA,Motocicleta,GUAYAS,60
SUKIDA,Motocicleta,PICHINCHA,60
LML,Motocicleta,PICHINCHA,59
HARLEY DAVIDSON,Motocicleta,PICHINCHA,59
JIALING,Motocicleta,SUCUMBÍOS,59
DUCAR,Motocicleta,SANTO DOMINGO DE LOS TSÁCHILAS,59
QINGQI,Motocicleta,MORONA SANTIAGO,59
DAYTONA,Motocicleta,SANTO DOMINGO DE LOS TSÁCHILAS,59
Otras Marcas,Motocicleta,LOJA,58
DAKAR,Motocicleta,LOS RÍOS,58
AXXO,Motocicleta,CAÑAR,57
Otras Marcas,Motocicleta,GALÁPAGOS,57
SINSKI,Motocicleta,MANABÍ,57
AXXO,Motocicleta,SANTO DOMINGO DE LOS TSÁCHILAS,56
LIFAN,Motocicleta,PICHINCHA,56
LIFAN,Motocicleta,SANTO DOMINGO DE LOS TSÁCHILAS,56
BMA,Motocicleta,SANTA ELENA,55
DUCAR,Motocicleta,CAÑAR,54
KAWASAKI,Motocicleta,SANTO DOMINGO DE LOS TSÁCHILAS,54
AMAZON,Motocicleta,MANABÍ,54
DAYANG,Motocicleta,COTOPAXI,54
LONGJIA,Motocicleta,MANABÍ,54
KINGDOM,Motocicleta,ESMERALDAS,53
MOTOR UNO,Motocicleta,CAÑAR,53
QMC,Motocicleta,ESMERALDAS,53
KINGDOM,Motocicleta,GUAYAS,52
QINGQI,Motocicleta,CAÑAR,51
LONCIN,Motocicleta,EL ORO,51
RANGER,Motocicleta,CARCHI,51
SUZUKI,Motocicleta,NAPO,51
SHINERAY,Motocicleta,ORELLANA,50
YASAKI,Motocicleta,MANABÍ,50
BMA,Motocicleta,MANABÍ,49
TRAXX,Motocicleta,CARCHI,49
DAKAR,Motocicleta,EL ORO,48
KINLON,Motocicleta,EL ORO,48
AXXO,Motocicleta,LOS RÍOS,48
YAMAHA,Motocicleta,PASTAZA,47
TRAXX,Motocicleta,CHIMBORAZO,47
Otras Marcas,Motocicleta,CARCHI,47
KOSHIN,Motocicleta,EL ORO,47
DAYANG,Motocicleta,SANTO DOMINGO DE LOS TSÁCHILAS,47
HUSSAR,Motocicleta,IMBABURA,47
JIALING,Motocicleta,ORELLANA,47
ZANYA,Motocicleta,LOS RÍOS,47
YAMAHA,Motocicleta,MORONA SANTIAGO,46
AMAZON,Motocicleta,AZUAY,45
QMC,Motocicleta,CARCHI,44
MOTOR UNO,Motocicleta,PASTAZA,44
YAMAHA,Motocicleta,BOLÍVAR,44
YAMOTO,Motocicleta,GUAYAS,44
SUZUKI,Motocicleta,MORONA SANTIAGO,44
SHINERAY,Motocicleta,IMBABURA,43
PEGASO,Motocicleta,CAÑAR,43
KAWASAKI,Motocicleta,AZUAY,43
RANGER,Motocicleta,MORONA SANTIAGO,43
SINSKI,Motocicleta,LOS RÍOS,42
DAYTONA,Motocicleta,ESMERALDAS,42
DAYTONA,Motocicleta,LOJA,42
PEGASO,Motocicleta,PICHINCHA,42
SUZUKI,Motocicleta,ZAMORA CHINCHIPE,42
HONDA,Motocicleta,CAÑAR,42
HONDA,Motocicleta,COTOPAXI,42
TRAXX,Motocicleta,CAÑAR,41
QINGQI,Motocicleta,ESMERALDAS,41
QMC,Motocicleta,SANTA ELENA,41
SHINERAY,Motocicleta,NAPO,41
LAMBORBINI,Motocicleta,LOS RÍOS,41
LIFAN,Motocicleta,ESMERALDAS,41
TEKNO,Motocicleta,ESMERALDAS,40
SHINERAY,Motocicleta,CARCHI,40
AMAZON,Motocicleta,PICHINCHA,39
HONDA,Motocicleta,CHIMBORAZO,39
NIMBUS,Motocicleta,GUAYAS,39
YAMOTO,Motocicleta,EL ORO,39
DAYTONA,Motocicleta,GUAYAS,39
PEGASO,Motocicleta,SUCUMBÍOS,39
MOTOR UNO,Motocicleta,SANTA ELENA,39
LONCIN,Motocicleta,CARCHI,38
JIEDA,Motocicleta,PICHINCHA,38
AMAZON,Motocicleta,EL ORO,38
PEGASO,Motocicleta,ORELLANA,38
RANGER,Motocicleta,ORELLANA,38
JIALING,Motocicleta,CARCHI,38
KOSHIN,Motocicleta,ESMERALDAS,37
JIANSHE,Motocicleta,CAÑAR,37
AXXO,Motocicleta,EL ORO,37
JIANSHE,Motocicleta,TUNGURAHUA,37
MICARGI,Motocicleta,MANABÍ,37
KOSHIN,Motocicleta,MANABÍ,36
KINLON,Motocicleta,LOS RÍOS,36
BMA,Motocicleta,SANTO DOMINGO DE LOS TSÁCHILAS,35
DAKAR,Motocicleta,ESMERALDAS,35
QMC,Motocicleta,LOJA,35
DAYTONA,Motocicleta,PICHINCHA,35
AXXO,Motocicleta,GUAYAS,34
NIMBUS,Motocicleta,EL ORO,34
SUZUKI,Motocicleta,GALÁPAGOS,34
ORO MOTO,Motocicleta,ESMERALDAS,34
QMC,Motocicleta,SUCUMBÍOS,34
PEGASO,Motocicleta,CARCHI,34
LONCIN,Motocicleta,MANABÍ,34
OKAZAKI,Motocicleta,LOS RÍOS,34
YASAKI,Motocicleta,CAÑAR,34
JIALING,Motocicleta,IMBABURA,34
PEGASO,Motocicleta,COTOPAXI,33
QINGQI,Motocicleta,SANTO DOMINGO DE LOS TSÁCHILAS,33
YAMOTO,Motocicleta,MANABÍ,33
BAJAJ,Motocicleta,SANTO DOMINGO DE LOS TSÁCHILAS,33
JINCHENG,Motocicleta,MANABÍ,33
QINGQI,Motocicleta,ORELLANA,33
JIANSHE,Motocicleta,ESMERALDAS,33
DAYUN,Motocicleta,GUAYAS,33
TEKNO,Motocicleta,CAÑAR,33
SINSKI,Motocicleta,GUAYAS,33
Otras Marcas,Motocicleta,ORELLANA,33
KOSHIN,Motocicleta,LOS RÍOS,32
BMW,Motocicleta,AZUAY,31
SANYA,Motocicleta,COTOPAXI,31
QMC,Motocicleta,CAÑAR,31
DUCAR,Motocicleta,ESMERALDAS,31
HARLEY DAVIDSON,Motocicleta,AZUAY,30
LINGKEN,Motocicleta,SANTO DOMINGO DE LOS TSÁCHILAS,30
SRM,Motocicleta,LOS RÍOS,30
AMAZON,Motocicleta,IMBABURA,30
MACAT,Motocicleta,CAÑAR,30
JINCHENG,Motocicleta,PICHINCHA,30
SHINERAY,Motocicleta,PASTAZA,29
TRAXX,Motocicleta,TUNGURAHUA,29
HONDA,Motocicleta,MORONA SANTIAGO,29
SKYGO,Motocicleta,EL ORO,28
DAYTONA,Motocicleta,ORELLANA,28
LAMBORBINI,Motocicleta,CAÑAR,28
JIALING,Motocicleta,CAÑAR,28
TRAXX,Motocicleta,AZUAY,28
QMC,Motocicleta,AZUAY,28
RANGER,Motocicleta,BOLÍVAR,28
KAWASAKI,Motocicleta,MANABÍ,28
SHINERAY,Motocicleta,ZAMORA CHINCHIPE,28
PEGASO,Motocicleta,MORONA SANTIAGO,27
NIMBUS,Motocicleta,LOS RÍOS,27
SHINERAY,Motocicleta,CHIMBORAZO,27
TOYOTA,Motocicleta,GUAYAS,27
THUNDER,Motocicleta,PICHINCHA,27
BAJAJ,Motocicleta,MANABÍ,27
SINSKI,Motocicleta,EL ORO,26
JIALING,Motocicleta,COTOPAXI,26
TRAXX,Motocicleta,IMBABURA,26
DAKAR,Motocicleta,SANTO DOMINGO DE LOS TSÁCHILAS,26
HONDA,Motocicleta,BOLÍVAR,26
DUCAR,Motocicleta,COTOPAXI,26
SKYGO,Motocicleta,MANABÍ,26
SUKIDA,Motocicleta,SANTO DOMINGO DE LOS TSÁCHILAS,26
YAMAHA,Motocicleta,ZAMORA CHINCHIPE,26
SUKIDA,Motocicleta,GUAYAS,26
TRAXX,Motocicleta,NAPO,26
LINGKEN,Motocicleta,LOJA,25
JIANSHE,Motocicleta,IMBABURA,25
LINGKEN,Motocicleta,ESMERALDAS,25
MICARGI,Motocicleta,COTOPAXI,25
QMC,Motocicleta,ZAMORA CHINCHIPE,25
VYCAST,Motocicleta,MANABÍ,25
JINCHENG,Motocicleta,EL ORO,25
KINGDOM,Motocicleta,SANTO DOMINGO DE LOS TSÁCHILAS,25
LIFAN,Motocicleta,IMBABURA,24
KAWASAKI,Motocicleta,GUAYAS,24
SKYGO,Motocicleta,GUAYAS,24
LINGKEN,Motocicleta,EL ORO,24
JIALING,Motocicleta,TUNGURAHUA,24
KAWASAKI,Motocicleta,ESMERALDAS,24
LIFAN,Motocicleta,AZUAY,24
HUSSAR,Motocicleta,EL ORO,24
DAYTONA,Motocicleta,SUCUMBÍOS,23
MICARGI,Motocicleta,SANTA ELENA,23
KOSHIN,Motocicleta,PICHINCHA,23
HONDA,Motocicleta,CARCHI,23
KOSHIN,Motocicleta,CAÑAR,23
HUSSAR,Motocicleta,ESMERALDAS,23
QINGQI,Motocicleta,CHIMBORAZO,23
OKAZAKI,Motocicleta,EL ORO,23
QINGQI,Motocicleta,COTOPAXI,23
JIANSHE,Motocicleta,CARCHI,23
LAMBORBINI,Motocicleta,SANTO DOMINGO DE LOS TSÁCHILAS,23
AMAZON,Motocicleta,LOS RÍOS,23
Otras Marcas,Motocicleta,SUCUMBÍOS,23
MICARGI,Motocicleta,EL ORO,23
AMAZON,Motocicleta,SUCUMBÍOS,22
KOSHIN,Motocicleta,CHIMBORAZO,22
DUCAR,Motocicleta,PICHINCHA,22
ORO MOTO,Motocicleta,COTOPAXI,22
QINGQI,Motocicleta,NAPO,22
Otras Marcas,Motocicleta,BOLÍVAR,22
LAMBORBINI,Motocicleta,SANTA ELENA,22
KOSHIN,Motocicleta,AZUAY,22
YAMAHA,Motocicleta,NAPO,21
LONCIN,Motocicleta,SANTO DOMINGO DE LOS TSÁCHILAS,21
KAWASAKI,Motocicleta,TUNGURAHUA,21
SHINERAY,Motocicleta,MORONA SANTIAGO,21
JIANSHE,Motocicleta,LOJA,21
JIANSHE,Motocicleta,COTOPAXI,21
JIEDA,Motocicleta,SANTA ELENA,21
AXXO,Motocicleta,ESMERALDAS,20
OKAZAKI,Motocicleta,CHIMBORAZO,20
SINSKI,Motocicleta,SANTO DOMINGO DE LOS TSÁCHILAS,20
SRM,Motocicleta,GUAYAS,20
HYUNDAI,Motocicleta,EL ORO,20
AMAZON,Motocicleta,CAÑAR,20
MICARGI,Motocicleta,LOS RÍOS,20
SKYGO,Motocicleta,ESMERALDAS,20
YAMAHA,Motocicleta,SANTA ELENA,19
MOTOR UNO,Motocicleta,BOLÍVAR,19
RANGER,Motocicleta,PASTAZA,19
RANGER,Motocicleta,SUCUMBÍOS,19
VYCAST,Motocicleta,LOS RÍOS,19
KOSHIN,Motocicleta,SANTO DOMINGO DE LOS TSÁCHILAS,19
SINSKI,Motocicleta,IMBABURA,19
AXXO,Motocicleta,AZUAY,19
BMA,Motocicleta,GUAYAS,19
DAKAR,Motocicleta,PICHINCHA,19
Otras Marcas,Motocicleta,NAPO,19
Otras Marcas,Motocicleta,PASTAZA,19
JIALING,Motocicleta,MORONA SANTIAGO,18
PEGASO,Motocicleta,LOJA,18
DAYTONA,Motocicleta,COTOPAXI,18
LONGJIA,Motocicleta,CAÑAR,18
HYUNDAI,Motocicleta,ESMERALDAS,18
HUSSAR,Motocicleta,TUNGURAHUA,18
QINGQI,Motocicleta,AZUAY,18
QINGQI,Motocicleta,CARCHI,18
JIALING,Motocicleta,LOJA,18
HYUNDAI,Motocicleta,MANABÍ,18
YAMOTO,Motocicleta,SANTO DOMINGO DE LOS TSÁCHILAS,18
RANGER,Motocicleta,SANTA ELENA,17
BAJAJ,Motocicleta,ESMERALDAS,17
KAWASAKI,Motocicleta,IMBABURA,17
ORO MOTO,Motocicleta,SANTA ELENA,17
MACAT,Motocicleta,EL ORO,17
AMAZON,Motocicleta,CARCHI,17
GALARDI,Motocicleta,MANABÍ,17
SHINERAY,Motocicleta,SANTA ELENA,17
NIMBUS,Motocicleta,MANABÍ,17
JIANSHE,Motocicleta,SUCUMBÍOS,17
VYCAST,Motocicleta,ESMERALDAS,16
TOYOTA,Motocicleta,LOS RÍOS,16
JINCHENG,Motocicleta,SANTO DOMINGO DE LOS TSÁCHILAS,16
QINGQI,Motocicleta,TUNGURAHUA,16
THUNDER,Motocicleta,LOS RÍOS,16
DAYUN,Motocicleta,LOS RÍOS,16
JIEDA,Motocicleta,ESMERALDAS,16
HUSSAR,Motocicleta,COTOPAXI,16
AMAZON,Motocicleta,SANTO DOMINGO DE LOS TSÁCHILAS,16
SINSKI,Motocicleta,ESMERALDAS,16
YASAKI,Motocicleta,COTOPAXI,16
HYUNDAI,Motocicleta,SANTO DOMINGO DE LOS TSÁCHILAS,16
HYUNDAI,Motocicleta,LOS RÍOS,16
SKYGO,Motocicleta,SANTO DOMINGO DE LOS TSÁCHILAS,16
GALARDI,Motocicleta,TUNGURAHUA,15
MICARGI,Motocicleta,SANTO DOMINGO DE LOS TSÁCHILAS,15
QMC,Motocicleta,PICHINCHA,15
LAMBORBINI,Motocicleta,MANABÍ,15
ORO MOTO,Motocicleta,MORONA SANTIAGO,15
QINGQI,Motocicleta,PICHINCHA,15
LONCIN,Motocicleta,GALÁPAGOS,15
HUSSAR,Motocicleta,SANTA ELENA,15
LONCIN,Motocicleta,TUNGURAHUA,15
DAKAR,Motocicleta,CAÑAR,15
HUSSAR,Motocicleta,CHIMBORAZO,15
QMC,Motocicleta,CHIMBORAZO,15
KAWASAKI,Motocicleta,SUCUMBÍOS,15
AMAZON,Motocicleta,ESMERALDAS,15
AXXO,Motocicleta,PICHINCHA,14
KINLON,Motocicleta,CAÑAR,14
MOTOR UNO,Motocicleta,GALÁPAGOS,14
DAYANG,Motocicleta,PICHINCHA,14
HONDA,Motocicleta,PASTAZA,14
LINGKEN,Motocicleta,COTOPAXI,14
HONDA,Motocicleta,NAPO,14
KAWASAKI,Motocicleta,LOJA,14
KAWASAKI,Motocicleta,LOS RÍOS,14
YAMOTO,Motocicleta,ESMERALDAS,14
DUCAR,Motocicleta,AZUAY,14
AXXO,Motocicleta,COTOPAXI,14
QMC,Motocicleta,ORELLANA,14
KINLON,Motocicleta,IMBABURA,14
JINCHENG,Motocicleta,CAÑAR,14
MICARGI,Motocicleta,CHIMBORAZO,14
JIEDA,Motocicleta,MANABÍ,14
LIFAN,Motocicleta,CAÑAR,14
JINCHENG,Motocicleta,ESMERALDAS,13
TRAXX,Motocicleta,ZAMORA CHINCHIPE,13
HYUNDAI,Motocicleta,PICHINCHA,13
KOSHIN,Motocicleta,GUAYAS,13
LAMBORBINI,Motocicleta,EL ORO,13
VESPA,Motocicleta,MANABÍ,13
LONCIN,Motocicleta,LOJA,13
MICARGI,Motocicleta,ORELLANA,13
KAWASAKI,Motocicleta,ORELLANA,13
AMAZON,Motocicleta,TUNGURAHUA,13
KINGDOM,Motocicleta,EL ORO,13
OKAZAKI,Motocicleta,LOJA,13
LONCIN,Motocicleta,ESMERALDAS,13
YAMAHA,Motocicleta,GALÁPAGOS,13
OSAKA,Motocicleta,MANABÍ,13
HYUNDAI,Motocicleta,AZUAY,13
JIALING,Motocicleta,ZAMORA CHINCHIPE,12
SKYGO,Motocicleta,PICHINCHA,12
HONDA,Motocicleta,GALÁPAGOS,12
TRAXX,Motocicleta,BOLÍVAR,12
Otras Marcas,Motocicleta,ZAMORA CHINCHIPE,12
KTM,Motocicleta,IMBABURA,12
PEGASO,Motocicleta,IMBABURA,12
LIFAN,Motocicleta,ORELLANA,12
HARLEY DAVIDSON,Motocicleta,TUNGURAHUA,12
MICARGI,Motocicleta,CARCHI,12
JIEDA,Motocicleta,SANTO DOMINGO DE LOS TSÁCHILAS,12
LINGKEN,Motocicleta,BOLÍVAR,12
DONGFENG,Motocicleta,GUAYAS,12
OSAKA,Motocicleta,LOS RÍOS,11
JIANSHE,Motocicleta,ZAMORA CHINCHIPE,11
JIEDA,Motocicleta,CARCHI,11
SANYA,Motocicleta,GUAYAS,11
MACAT,Motocicleta,MANABÍ,11
HUSSAR,Motocicleta,CARCHI,11
MICARGI,Motocicleta,TUNGURAHUA,11
SINSKI,Motocicleta,AZUAY,11
SINSKI,Motocicleta,COTOPAXI,11
VYCAST,Motocicleta,SANTO DOMINGO DE LOS TSÁCHILAS,11
MOTOR UNO,Motocicleta,MORONA SANTIAGO,11
JIEDA,Motocicleta,CAÑAR,11
HONDA,Motocicleta,ZAMORA CHINCHIPE,11
TRAXX,Motocicleta,LOJA,11
DAYANG,Motocicleta,GUAYAS,11
TRAXX,Motocicleta,PASTAZA,11
LAMBORBINI,Motocicleta,NAPO,11
LONGJIA,Motocicleta,ESMERALDAS,11
QINGQI,Motocicleta,ZAMORA CHINCHIPE,11
JIANSHE,Motocicleta,ORELLANA,11
TRAXX,Motocicleta,MORONA SANTIAGO,11
HUSSAR,Motocicleta,PASTAZA,11
GALARDI,Motocicleta,CARCHI,11
LIFAN,Motocicleta,COTOPAXI,11
HYUNDAI,Motocicleta,GUAYAS,11
KAWASAKI,Motocicleta,EL ORO,10
LML,Motocicleta,LOS RÍOS,10
RANGER,Motocicleta,NAPO,10
OKAZAKI,Motocicleta,COTOPAXI,10
DUCAR,Motocicleta,TUNGURAHUA,10
Otras Marcas,Motocicleta,MORONA SANTIAGO,10
BMA,Motocicleta,ESMERALDAS,10
JIALING,Motocicleta,SANTA ELENA,10
BMA,Motocicleta,IMBABURA,10
LIFAN,Motocicleta,SANTA ELENA,10
THUNDER,Motocicleta,SANTO DOMINGO DE LOS TSÁCHILAS,10
VESPA,Motocicleta,LOS RÍOS,10
MICARGI,Motocicleta,LOJA,10
QINGQI,Motocicleta,PASTAZA,10
DAKAR,Motocicleta,GALÁPAGOS,10
HONDA,Motocicleta,SANTA ELENA,10
ORO MOTO,Motocicleta,LOJA,10
MICARGI,Motocicleta,ESMERALDAS,10
ORO MOTO,Motocicleta,BOLÍVAR,10
GALARDI,Motocicleta,IMBABURA,10
LONGJIA,Motocicleta,COTOPAXI,10
HUSSAR,Motocicleta,SUCUMBÍOS,9
YAMOTO,Motocicleta,CAÑAR,9
PEGASO,Motocicleta,NAPO,9
MICARGI,Motocicleta,AZUAY,9
QINGQI,Motocicleta,LOJA,9
KTM,Motocicleta,MANABÍ,9
GALARDI,Motocicleta,LOS RÍOS,9
TEKNO,Motocicleta,COTOPAXI,9
DAKAR,Motocicleta,SANTA ELENA,9
LINGKEN,Motocicleta,GALÁPAGOS,9
DAYTONA,Motocicleta,SANTA ELENA,9
HUSSAR,Motocicleta,CAÑAR,9
AMAZON,Motocicleta,GUAYAS,9
DUCAR,Motocicleta,LOJA,9
JIANSHE,Motocicleta,MORONA SANTIAGO,9
VESPA,Motocicleta,TUNGURAHUA,9
YASAKI,Motocicleta,SANTA ELENA,9
BAJAJ,Motocicleta,EL ORO,9
TEKNO,Motocicleta,BOLÍVAR,9
THUNDER,Motocicleta,SANTA ELENA,8
SANYA,Motocicleta,BOLÍVAR,8
SKYGO,Motocicleta,CAÑAR,8
DAYTONA,Motocicleta,CARCHI,8
AMAZON,Motocicleta,MORONA SANTIAGO,8
DAKAR,Motocicleta,ORELLANA,8
JIALING,Motocicleta,CHIMBORAZO,8
JINCHENG,Motocicleta,SANTA ELENA,8
KTM,Motocicleta,LOJA,8
KOSHIN,Motocicleta,IMBABURA,8
DAYUN,Motocicleta,MANABÍ,8
HUSSAR,Motocicleta,NAPO,8
BMA,Motocicleta,LOS RÍOS,8
AMAZON,Motocicleta,LOJA,8
JIEDA,Motocicleta,EL ORO,8
DUCAR,Motocicleta,SUCUMBÍOS,8
JIEDA,Motocicleta,IMBABURA,8
SKYGO,Motocicleta,COTOPAXI,8
BAJAJ,Motocicleta,AZUAY,8
BAJAJ,Motocicleta,SANTA ELENA,8
PEGASO,Motocicleta,ZAMORA CHINCHIPE,8
DAKAR,Motocicleta,MANABÍ,8
BAJAJ,Motocicleta,TUNGURAHUA,8
AXXO,Motocicleta,MANABÍ,8
QMC,Motocicleta,NAPO,8
DAYTONA,Motocicleta,CHIMBORAZO,7
DAYTONA,Motocicleta,ZAMORA CHINCHIPE,7
KINLON,Motocicleta,SANTA ELENA,7
YASAKI,Motocicleta,PICHINCHA,7
KINLON,Motocicleta,GALÁPAGOS,7
OKAZAKI,Motocicleta,PICHINCHA,7
KAWASAKI,Motocicleta,COTOPAXI,7
BAJAJ,Motocicleta,LOS RÍOS,7
NIMBUS,Motocicleta,ORELLANA,7
KOSHIN,Motocicleta,ZAMORA CHINCHIPE,7
ORO MOTO,Motocicleta,GALÁPAGOS,7
LONGJIA,Motocicleta,SANTO DOMINGO DE LOS TSÁCHILAS,7
HARLEY DAVIDSON,Motocicleta,MANABÍ,7
QINGQI,Motocicleta,SANTA ELENA,7
OKAZAKI,Motocicleta,CAÑAR,7
DAKAR,Motocicleta,SUCUMBÍOS,7
ORO MOTO,Motocicleta,AZUAY,7
HARLEY DAVIDSON,Motocicleta,LOS RÍOS,7
SINSKI,Motocicleta,GALÁPAGOS,7
LONCIN,Motocicleta,AZUAY,7
LAMBORBINI,Motocicleta,ORELLANA,7
TEKNO,Motocicleta,AZUAY,7
MICARGI,Motocicleta,SUCUMBÍOS,7
OKAZAKI,Motocicleta,SANTO DOMINGO DE LOS TSÁCHILAS,7
KOSHIN,Motocicleta,MORONA SANTIAGO,7
THUNDER,Motocicleta,CARCHI,7
DAYANG,Motocicleta,CAÑAR,7
YASAKI,Motocicleta,SANTO DOMINGO DE LOS TSÁCHILAS,7
ORO MOTO,Motocicleta,CARCHI,7
NIMBUS,Motocicleta,ESMERALDAS,7
OSAKA,Motocicleta,EL ORO,7
HUSSAR,Motocicleta,LOJA,7
NIMBUS,Motocicleta,SANTO DOMINGO DE LOS TSÁCHILAS,7
BAJAJ,Motocicleta,IMBABURA,6
THUNDER,Motocicleta,IMBABURA,6
HARLEY DAVIDSON,Motocicleta,GUAYAS,6
OKAZAKI,Motocicleta,ESMERALDAS,6
LONCIN,Motocicleta,BOLÍVAR,6
THUNDER,Motocicleta,CHIMBORAZO,6
MICARGI,Motocicleta,IMBABURA,6
SANYA,Motocicleta,PICHINCHA,6
JIEDA,Motocicleta,LOJA,6
HUSSAR,Motocicleta,ORELLANA,6
THUNDER,Motocicleta,COTOPAXI,6
AMAZON,Motocicleta,ORELLANA,6
MACAT,Motocicleta,GALÁPAGOS,6
LONGJIA,Motocicleta,PICHINCHA,6
AXXO,Motocicleta,TUNGURAHUA,6
KTM,Motocicleta,TUNGURAHUA,6
DAYTONA,Motocicleta,MORONA SANTIAGO,6
KOSHIN,Motocicleta,COTOPAXI,6
ORO MOTO,Motocicleta,CHIMBORAZO,6
KINGDOM,Motocicleta,CAÑAR,6
VYCAST,Motocicleta,AZUAY,6
LONCIN,Motocicleta,CHIMBORAZO,6
DAYTONA,Motocicleta,IMBABURA,6
KTM,Motocicleta,SANTO DOMINGO DE LOS TSÁCHILAS,6
DUCAR,Motocicleta,CARCHI,5
OSAKA,Motocicleta,SANTO DOMINGO DE LOS TSÁCHILAS,5
YAMOTO,Motocicleta,COTOPAXI,5
DAYTONA,Motocicleta,TUNGURAHUA,5
HYUNDAI,Motocicleta,SUCUMBÍOS,5
LML,Motocicleta,EL ORO,5
BAJAJ,Motocicleta,SUCUMBÍOS,5
KTM,Motocicleta,COTOPAXI,5
OKAZAKI,Motocicleta,BOLÍVAR,5
ORO MOTO,Motocicleta,SUCUMBÍOS,5
PEGASO,Motocicleta,AZUAY,5
KAWASAKI,Motocicleta,NAPO,5
MACAT,Motocicleta,SANTA ELENA,5
LML,Motocicleta,MANABÍ,5
PEGASO,Motocicleta,PASTAZA,5
BMW,Motocicleta,SANTO DOMINGO DE LOS TSÁCHILAS,5
FORMOSA,Motocicleta,GUAYAS,5
BMA,Motocicleta,CAÑAR,5
KINGDOM,Motocicleta,AZUAY,5
KOSHIN,Motocicleta,LOJA,5
YASAKI,Motocicleta,GALÁPAGOS,5
JINCHENG,Motocicleta,COTOPAXI,5
JIANSHE,Motocicleta,PASTAZA,5
SKYGO,Motocicleta,CARCHI,5
JIALING,Motocicleta,BOLÍVAR,5
BAJAJ,Motocicleta,MORONA SANTIAGO,5
DAKAR,Motocicleta,COTOPAXI,5
YASAKI,Motocicleta,EL ORO,5
SKYGO,Motocicleta,LOJA,5
TEKNO,Motocicleta,CHIMBORAZO,4
YAMOTO,Motocicleta,AZUAY,4
ZANYA,Motocicleta,COTOPAXI,4
DUCAR,Motocicleta,BOLÍVAR,4
SINSKI,Motocicleta,TUNGURAHUA,4
DAYANG,Motocicleta,IMBABURA,4
JIEDA,Motocicleta,CHIMBORAZO,4
BAJAJ,Motocicleta,CAÑAR,4
KOSHIN,Motocicleta,CARCHI,4
KTM,Motocicleta,CARCHI,4
SINSKI,Motocicleta,CAÑAR,4
LONCIN,Motocicleta,SANTA ELENA,4
THUNDER,Motocicleta,EL ORO,4
KINGDOM,Motocicleta,COTOPAXI,4
QINGQI,Motocicleta,BOLÍVAR,4
VYCAST,Motocicleta,COTOPAXI,4
BAJAJ,Motocicleta,ORELLANA,4
TEKNO,Motocicleta,CARCHI,4
PEGASO,Motocicleta,SANTA ELENA,4
BMW,Motocicleta,LOJA,4
SINSKI,Motocicleta,BOLÍVAR,4
KAWASAKI,Motocicleta,CHIMBORAZO,4
SUKIDA,Motocicleta,LOS RÍOS,4
HUSSAR,Motocicleta,BOLÍVAR,4
KINLON,Motocicleta,MANABÍ,4
NIMBUS,Motocicleta,BOLÍVAR,4
LIFAN,Motocicleta,GALÁPAGOS,4
KINGDOM,Motocicleta,CHIMBORAZO,4
OKAZAKI,Motocicleta,AZUAY,4
KINLON,Motocicleta,PICHINCHA,4
JIEDA,Motocicleta,AZUAY,4
OKAZAKI,Motocicleta,GUAYAS,4
JIEDA,Motocicleta,COTOPAXI,4
MACAT,Motocicleta,AZUAY,4
LAMBORBINI,Motocicleta,SUCUMBÍOS,4
KINLON,Motocicleta,AZUAY,4
LONCIN,Motocicleta,COTOPAXI,4
JINCHENG,Motocicleta,BOLÍVAR,4
SINSKI,Motocicleta,CHIMBORAZO,4
VESPA,Motocicleta,IMBABURA,4
KAWASAKI,Motocicleta,PASTAZA,4
GALARDI,Motocicleta,SANTO DOMINGO DE LOS TSÁCHILAS,4
JINCHENG,Motocicleta,TUNGURAHUA,4
HUSSAR,Motocicleta,AZUAY,4
DAYANG,Motocicleta,AZUAY,4
SUKIDA,Motocicleta,SANTA ELENA,4
SUKIDA,Motocicleta,ESMERALDAS,3
DUCAR,Motocicleta,CHIMBORAZO,3
SUKIDA,Motocicleta,IMBABURA,3
JIEDA,Motocicleta,NAPO,3
LONGJIA,Motocicleta,TUNGURAHUA,3
TOYOTA,Motocicleta,GALÁPAGOS,3
SRM,Motocicleta,SANTA ELENA,3
SINSKI,Motocicleta,LOJA,3
AMAZON,Motocicleta,NAPO,3
HUSSAR,Motocicleta,GALÁPAGOS,3
AXXO,Motocicleta,BOLÍVAR,3
ORO MOTO,Motocicleta,PASTAZA,3
TEKNO,Motocicleta,IMBABURA,3
PEGASO,Motocicleta,CHIMBORAZO,3
DAYANG,Motocicleta,ORELLANA,3
AXXO,Motocicleta,CARCHI,3
JINCHENG,Motocicleta,CHIMBORAZO,3
SKYGO,Motocicleta,SUCUMBÍOS,3
LAMBORBINI,Motocicleta,CARCHI,3
AMAZON,Motocicleta,GALÁPAGOS,3
SRM,Motocicleta,LOJA,3
JIANSHE,Motocicleta,CHIMBORAZO,3
JIALING,Motocicleta,PASTAZA,3
QMC,Motocicleta,TUNGURAHUA,3
GALARDI,Motocicleta,SUCUMBÍOS,3
MICARGI,Motocicleta,MORONA SANTIAGO,3
YASAKI,Motocicleta,IMBABURA,3
NIMBUS,Motocicleta,PICHINCHA,3
AXXO,Motocicleta,CHIMBORAZO,3
SUKIDA,Motocicleta,TUNGURAHUA,3
BMW,Motocicleta,GUAYAS,3
LIFAN,Motocicleta,ZAMORA CHINCHIPE,3
LIFAN,Motocicleta,SUCUMBÍOS,3
KAWASAKI,Motocicleta,CARCHI,3
LONCIN,Motocicleta,SUCUMBÍOS,3
GALARDI,Motocicleta,ESMERALDAS,3
KTM,Motocicleta,EL ORO,3
LIFAN,Motocicleta,TUNGURAHUA,3
AMAZON,Motocicleta,PASTAZA,3
THUNDER,Motocicleta,ESMERALDAS,3
JINCHENG,Motocicleta,AZUAY,3
THUNDER,Motocicleta,MANABÍ,3
QMC,Motocicleta,BOLÍVAR,3
JIEDA,Motocicleta,BOLÍVAR,3
LIFAN,Motocicleta,MORONA SANTIAGO,3
HYUNDAI,Motocicleta,CAÑAR,3
JIANSHE,Motocicleta,GALÁPAGOS,3
MACAT,Motocicleta,IMBABURA,3
SUKIDA,Motocicleta,GALÁPAGOS,3
KINLON,Motocicleta,ORELLANA,3
BMW,Motocicleta,IMBABURA,3
QMC,Motocicleta,COTOPAXI,3
KINGDOM,Motocicleta,PICHINCHA,3
VESPA,Motocicleta,EL ORO,3
NIMBUS,Motocicleta,AZUAY,3
TEKNO,Motocicleta,GALÁPAGOS,3
YASAKI,Motocicleta,BOLÍVAR,3
LAMBORBINI,Motocicleta,IMBABURA,3
KTM,Motocicleta,CAÑAR,3
LAMBORBINI,Motocicleta,COTOPAXI,3
NIMBUS,Motocicleta,GALÁPAGOS,3
SKYGO,Motocicleta,AZUAY,3
JIEDA,Motocicleta,TUNGURAHUA,3
QMC,Motocicleta,IMBABURA,3
OKAZAKI,Motocicleta,TUNGURAHUA,3
SHINERAY,Motocicleta,GALÁPAGOS,3
LINGKEN,Motocicleta,PASTAZA,2
GALARDI,Motocicleta,GALÁPAGOS,2
LIFAN,Motocicleta,CARCHI,2
OSAKA,Motocicleta,COTOPAXI,2
TRAXX,Motocicleta,GALÁPAGOS,2
LIFAN,Motocicleta,BOLÍVAR,2
JINCHENG,Motocicleta,IMBABURA,2
TEKNO,Motocicleta,NAPO,2
SKYGO,Motocicleta,ZAMORA CHINCHIPE,2
AMAZON,Motocicleta,COTOPAXI,2
GALARDI,Motocicleta,BOLÍVAR,2
LONGJIA,Motocicleta,SUCUMBÍOS,2
MACAT,Motocicleta,SANTO DOMINGO DE LOS TSÁCHILAS,2
SRM,Motocicleta,PICHINCHA,2
YASAKI,Motocicleta,ORELLANA,2
SUKIDA,Motocicleta,AZUAY,2
KOSHIN,Motocicleta,TUNGURAHUA,2
SINSKI,Motocicleta,CARCHI,2
ORO MOTO,Motocicleta,TUNGURAHUA,2
AXXO,Motocicleta,MORONA SANTIAGO,2
JIANSHE,Motocicleta,NAPO,2
DAYANG,Motocicleta,CHIMBORAZO,2
BMA,Motocicleta,GALÁPAGOS,2
YASAKI,Motocicleta,TUNGURAHUA,2
LML,Motocicleta,IMBABURA,2
MACAT,Motocicleta,PICHINCHA,2
RANGER,Motocicleta,GALÁPAGOS,2
BMA,Motocicleta,SUCUMBÍOS,2
MICARGI,Motocicleta,ZAMORA CHINCHIPE,2
DAKAR,Motocicleta,BOLÍVAR,2
KINGDOM,Motocicleta,IMBABURA,2
HARLEY DAVIDSON,Motocicleta,SANTO DOMINGO DE LOS TSÁCHILAS,2
VYCAST,Motocicleta,BOLÍVAR,2
YAMOTO,Motocicleta,LOJA,2
KINGDOM,Motocicleta,SUCUMBÍOS,2
LML,Motocicleta,SANTA ELENA,2
DAYANG,Motocicleta,BOLÍVAR,2
HYUNDAI,Motocicleta,CARCHI,2
LONGJIA,Motocicleta,GALÁPAGOS,2
KINLON,Motocicleta,BOLÍVAR,2
JIALING,Motocicleta,NAPO,2
DAYANG,Motocicleta,ZAMORA CHINCHIPE,2
KTM,Motocicleta,BOLÍVAR,2
KINLON,Motocicleta,LOJA,2
VYCAST,Motocicleta,PICHINCHA,2
BMW,Motocicleta,TUNGURAHUA,2
DAYUN,Motocicleta,ESMERALDAS,2
KINLON,Motocicleta,ESMERALDAS,2
JIANSHE,Motocicleta,SANTA ELENA,2
JIEDA,Motocicleta,ORELLANA,2
SINSKI,Motocicleta,SUCUMBÍOS,2
OSAKA,Motocicleta,ESMERALDAS,2
FORMOSA,Motocicleta,LOS RÍOS,2
LML,Motocicleta,BOLÍVAR,2
LINGKEN,Motocicleta,PICHINCHA,2
VESPA,Motocicleta,AZUAY,2
HYUNDAI,Motocicleta,ORELLANA,2
BAJAJ,Motocicleta,COTOPAXI,2
DAKAR,Motocicleta,AZUAY,2
OSAKA,Motocicleta,SUCUMBÍOS,2
LINGKEN,Motocicleta,IMBABURA,2
VESPA,Motocicleta,COTOPAXI,2
OSAKA,Motocicleta,LOJA,2
HYUNDAI,Motocicleta,COTOPAXI,2
SANYA,Motocicleta,SANTO DOMINGO DE LOS TSÁCHILAS,2
MACAT,Motocicleta,ESMERALDAS,2
JIALING,Motocicleta,GALÁPAGOS,2
MICARGI,Motocicleta,CAÑAR,2
SKYGO,Motocicleta,IMBABURA,2
LIFAN,Motocicleta,LOJA,2
LINGKEN,Motocicleta,CAÑAR,2
PEGASO,Motocicleta,BOLÍVAR,2
PEGASO,Motocicleta,TUNGURAHUA,2
DUCAR,Motocicleta,GALÁPAGOS,2
ORO MOTO,Motocicleta,ORELLANA,2
SKYGO,Motocicleta,BOLÍVAR,2
JIEDA,Motocicleta,PASTAZA,2
JIANSHE,Motocicleta,BOLÍVAR,2
LML,Motocicleta,AZUAY,2
NIMBUS,Motocicleta,NAPO,2
GALARDI,Motocicleta,CHIMBORAZO,2
DONGFENG,Motocicleta,LOS RÍOS,2
HARLEY DAVIDSON,Motocicleta,CHIMBORAZO,2
DAYANG,Motocicleta,EL ORO,2
NIMBUS,Motocicleta,CAÑAR,2
KAWASAKI,Motocicleta,SANTA ELENA,2
DAYTONA,Motocicleta,BOLÍVAR,2
TEKNO,Motocicleta,TUNGURAHUA,2
THUNDER,Motocicleta,GUAYAS,2
VESPA,Motocicleta,SANTO DOMINGO DE LOS TSÁCHILAS,2
KINLON,Motocicleta,SANTO DOMINGO DE LOS TSÁCHILAS,2
TOYOTA,Motocicleta,EL ORO,2
YASAKI,Motocicleta,CHIMBORAZO,2
DUCAR,Motocicleta,IMBABURA,2
YASAKI,Motocicleta,SUCUMBÍOS,2
VESPA,Motocicleta,CARCHI,2
KINLON,Motocicleta,COTOPAXI,2
YASAKI,Motocicleta,ESMERALDAS,2
HARLEY DAVIDSON,Motocicleta,IMBABURA,2
YASAKI,Motocicleta,AZUAY,2
KINGDOM,Motocicleta,TUNGURAHUA,2
SUKIDA,Motocicleta,COTOPAXI,2
ZANYA,Motocicleta,PICHINCHA,1
YAMOTO,Motocicleta,CARCHI,1
KAWASAKI,Motocicleta,GALÁPAGOS,1
DAYANG,Motocicleta,LOJA,1
TOYOTA,Motocicleta,CAÑAR,1
KAWASAKI,Motocicleta,ZAMORA CHINCHIPE,1
THUNDER,Motocicleta,LOJA,1
JIEDA,Motocicleta,MORONA SANTIAGO,1
VESPA,Motocicleta,GALÁPAGOS,1
DAYUN,Motocicleta,PICHINCHA,1
TEKNO,Motocicleta,ORELLANA,1
JINCHENG,Motocicleta,NAPO,1
VESPA,Motocicleta,ESMERALDAS,1
LINGKEN,Motocicleta,TUNGURAHUA,1
KOSHIN,Motocicleta,NAPO,1
DAYUN,Motocicleta,CHIMBORAZO,1
KTM,Motocicleta,MORONA SANTIAGO,1
LINGKEN,Motocicleta,ZAMORA CHINCHIPE,1
OKAZAKI,Motocicleta,ZAMORA CHINCHIPE,1
GALARDI,Motocicleta,PASTAZA,1
LAMBORBINI,Motocicleta,PASTAZA,1
JINCHENG,Motocicleta,ORELLANA,1
HYUNDAI,Motocicleta,SANTA ELENA,1
BMA,Motocicleta,TUNGURAHUA,1
ORO MOTO,Motocicleta,IMBABURA,1
BMW,Motocicleta,CHIMBORAZO,1
LONCIN,Motocicleta,ORELLANA,1
KINGDOM,Motocicleta,ZAMORA CHINCHIPE,1
SUKIDA,Motocicleta,CHIMBORAZO,1
BAJAJ,Motocicleta,CARCHI,1
LML,Motocicleta,COTOPAXI,1
ZANYA,Motocicleta,GUAYAS,1
THUNDER,Motocicleta,ORELLANA,1
VYCAST,Motocicleta,SUCUMBÍOS,1
NIMBUS,Motocicleta,LOJA,1
KINGDOM,Motocicleta,SANTA ELENA,1
BMW,Motocicleta,EL ORO,1
BAJAJ,Motocicleta,BOLÍVAR,1
SANYA,Motocicleta,MANABÍ,1
MICARGI,Motocicleta,BOLÍVAR,1
ZANYA,Motocicleta,BOLÍVAR,1
SRM,Motocicleta,CAÑAR,1
MICARGI,Motocicleta,PASTAZA,1
FORMOSA,Motocicleta,CAÑAR,1
HARLEY DAVIDSON,Motocicleta,NAPO,1
SINSKI,Motocicleta,ORELLANA,1
DUCAR,Motocicleta,MORONA SANTIAGO,1
MACAT,Motocicleta,COTOPAXI,1
YAMOTO,Motocicleta,PICHINCHA,1
OKAZAKI,Motocicleta,NAPO,1
LAMBORBINI,Motocicleta,LOJA,1
LAMBORBINI,Motocicleta,AZUAY,1
HYUNDAI,Motocicleta,GALÁPAGOS,1
KTM,Motocicleta,GUAYAS,1
OSAKA,Motocicleta,MORONA SANTIAGO,1
LAMBORBINI,Motocicleta,PICHINCHA,1
SANYA,Motocicleta,LOJA,1
LAMBORBINI,Motocicleta,TUNGURAHUA,1
TOYOTA,Motocicleta,BOLÍVAR,1
SKYGO,Motocicleta,CHIMBORAZO,1
CHEVROLET,Motocicleta,GUAYAS,1
DONGFENG,Motocicleta,SANTA ELENA,1
KOSHIN,Motocicleta,SANTA ELENA,1
SINSKI,Motocicleta,NAPO,1
HYUNDAI,Motocicleta,CHIMBORAZO,1
DONGFENG,Motocicleta,EL ORO,1
YAMOTO,Motocicleta,CHIMBORAZO,1
VESPA,Motocicleta,CHIMBORAZO,1
LINGKEN,Motocicleta,SANTA ELENA,1
OSAKA,Motocicleta,CARCHI,1
TOYOTA,Motocicleta,MANABÍ,1
BMA,Motocicleta,PASTAZA,1
OSAKA,Motocicleta,ORELLANA,1
HARLEY DAVIDSON,Motocicleta,ORELLANA,1
TEKNO,Motocicleta,LOJA,1
DAYANG,Motocicleta,TUNGURAHUA,1
THUNDER,Motocicleta,TUNGURAHUA,1
KINGDOM,Motocicleta,BOLÍVAR,1
SRM,Motocicleta,ESMERALDAS,1
GALARDI,Motocicleta,ORELLANA,1
GALARDI,Motocicleta,COTOPAXI,1
LML,Motocicleta,TUNGURAHUA,1
DAKAR,Motocicleta,LOJA,1
LONGJIA,Motocicleta,BOLÍVAR,1
DUCAR,Motocicleta,ORELLANA,1
HUSSAR,Motocicleta,ZAMORA CHINCHIPE,1
OSAKA,Motocicleta,PICHINCHA,1
HYUNDAI,Motocicleta,ZAMORA CHINCHIPE,1
KAWASAKI,Motocicleta,MORONA SANTIAGO,1
AMAZON,Motocicleta,ZAMORA CHINCHIPE,1
LONCIN,Motocicleta,ZAMORA CHINCHIPE,1
BMA,Motocicleta,CARCHI,1
TEKNO,Motocicleta,SUCUMBÍOS,1
AXXO,Motocicleta,NAPO,1
DAKAR,Motocicleta,TUNGURAHUA,1
DUCAR,Motocicleta,ZAMORA CHINCHIPE,1
HYUNDAI,Motocicleta,LOJA,1
SRM,Motocicleta,ZAMORA CHINCHIPE,1
VYCAST,Motocicleta,GUAYAS,1
CHEVROLET,Motocicleta,CARCHI,1
DAYANG,Motocicleta,SUCUMBÍOS,1
MAZDA,Motocicleta,PICHINCHA,1
TOYOTA,Motocicleta,PICHINCHA,1
DAYUN,Motocicleta,SANTO DOMINGO DE LOS TSÁCHILAS,1
AMAZON,Motocicleta,CHIMBORAZO,1
LAMBORBINI,Motocicleta,ZAMORA CHINCHIPE,1
DAYUN,Motocicleta,EL ORO,1
SRM,Motocicleta,GALÁPAGOS,1
KTM,Motocicleta,NAPO,1
HYUNDAI,Motocicleta,MORONA SANTIAGO,1
ZANYA,Motocicleta,MANABÍ,1
BMA,Motocicleta,CHIMBORAZO,1
QINGQI,Motocicleta,GALÁPAGOS,1
DAYUN,Motocicleta,CAÑAR,1
YASAKI,Motocicleta,LOJA,1
DUCAR,Motocicleta,SANTA ELENA,1
DAYANG,Motocicleta,NAPO,1
SANYA,Motocicleta,ESMERALDAS,1
QINGQI,Motocicleta,IMBABURA,1
KTM,Motocicleta,PASTAZA,1
BAJAJ,Motocicleta,CHIMBORAZO,1
YAMOTO,Motocicleta,BOLÍVAR,1
TEKNO,Motocicleta,PASTAZA,1
KTM,Motocicleta,SUCUMBÍOS,1
JINCHENG,Motocicleta,LOJA,1
LONGJIA,Motocicleta,CHIMBORAZO,1
TVS,Motocicleta,PICHINCHA,1
TOYOTA,Motocicleta,ESMERALDAS,1
ORO MOTO,Motocicleta,ZAMORA CHINCHIPE,1
HUSSAR,Motocicleta,MORONA SANTIAGO,1
THUNDER,Motocicleta,AZUAY,1
SUKIDA,Motocicleta,EL ORO,1
SRM,Motocicleta,COTOPAXI,1
LINGKEN,Motocicleta,AZUAY,1
LML,Motocicleta,CHIMBORAZO,1
JINCHENG,Motocicleta,PASTAZA,1
THUNDER,Motocicleta,PASTAZA,1
BAJAJ,Motocicleta,NAPO,1
AMAZON,Motocicleta,BOLÍVAR,1
HARLEY DAVIDSON,Motocicleta,COTOPAXI,1
YASAKI,Motocicleta,PASTAZA,1
HARLEY DAVIDSON,Motocicleta,EL ORO,1
SUKIDA,Motocicleta,SUCUMBÍOS,1
KINGDOM,Motocicleta,LOJA,1
DONGFENG,Motocicleta,LOJA,1
LADA,Motocicleta,SANTO DOMINGO DE LOS TSÁCHILAS,1
TOYOTA,Motocicleta,SANTO DOMINGO DE LOS TSÁCHILAS,1
KINGDOM,Motocicleta,CARCHI,1
SANYA,Motocicleta,IMBABURA,1
GALARDI,Motocicleta,EL ORO,1
LINGKEN,Motocicleta,SUCUMBÍOS,1
LML,Motocicleta,NAPO,1
MICARGI,Motocicleta,NAPO,1
SRM,Motocicleta,AZUAY,1
